stimulus_id,utterance,correct_guess,speaker_id,listener_id,scan_id,instance_type,target_id,tokens,dataset,mentions_target_class,uses_object_lang,uses_spatial_lang,uses_color_lang,uses_shape_lang,is_train
scene0429_00-sink-2-6-14,"Facing the sinks, it's the one on the right",True,137,230,scene0429_00,sink,6,"['facing', 'the', 'sinks', 'it', 'is', 'the', 'one', 'on', 'the', 'right']",nr3d,True,True,True,False,False,True
scene0279_00-nightstand-2-5-6,"If you look toward the headboard of the bed, the nightstand is the one to the left of the bed.",True,32,694,scene0279_00,nightstand,5,"['if', 'you', 'look', 'toward', 'the', 'headboard', 'of', 'the', 'bed', 'the', 'nightstand', 'is', 'the', 'one', 'to', 'the', 'left', 'of', 'the', 'bed']",nr3d,True,True,True,False,False,True
scene0099_00-chair-4-2-0-1-3,"If you are standing at the white table, it is the closest chair on the left.",True,56,714,scene0099_00,chair,2,"['if', 'you', 'are', 'standing', 'at', 'the', 'white', 'table', 'it', 'is', 'the', 'closest', 'chair', 'on', 'the', 'left']",nr3d,True,True,True,True,False,True
scene0223_00-bed-2-5-4,"Facing the desk between the beds, the bed on the right.",True,564,596,scene0223_00,bed,5,"['facing', 'the', 'desk', 'between', 'the', 'beds', 'the', 'bed', 'on', 'the', 'right']",nr3d,True,True,True,False,False,True
scene0216_00-picture-4-13-5-6-12,if looking at the window it's the picture in the front left.,False,94,183,scene0216_00,picture,13,"['if', 'looking', 'at', 'the', 'window', 'it', 'is', 'the', 'picture', 'in', 'the', 'front', 'left']",nr3d,True,True,True,False,False,True
scene0341_00-cup-3-33-32-35,"When standing in the middle of the room facing the cups, the correct one is on the far right, farthest from the door.",True,411,174,scene0341_00,cup,33,"['when', 'standing', 'in', 'the', 'middle', 'of', 'the', 'room', 'facing', 'the', 'cups', 'the', 'correct', 'one', 'is', 'on', 'the', 'far', 'right', 'farthest', 'from', 'the', 'door']",nr3d,True,True,True,False,False,True
scene0142_00-table-5-6-3-4-5-7,"If standing at the door looking at the windows, the far right table against the wall and against the window.",True,426,353,scene0142_00,table,6,"['if', 'standing', 'at', 'the', 'door', 'looking', 'at', 'the', 'windows', 'the', 'far', 'right', 'table', 'against', 'the', 'wall', 'and', 'against', 'the', 'window']",nr3d,True,True,True,False,False,True
scene0640_00-window-2-41-49,The narrow window to the left of the larger windows.,True,181,553,scene0640_00,window,41,"['the', 'narrow', 'window', 'to', 'the', 'left', 'of', 'the', 'larger', 'windows']",nr3d,True,True,True,False,True,True
scene0220_00-kitchen_cabinet-5-23-24-31-33-35,The kitchen cabinet near the floor on the right as you enter through the white door,True,277,706,scene0220_00,kitchen cabinet,23,"['the', 'kitchen', 'cabinet', 'near', 'the', 'floor', 'on', 'the', 'right', 'as', 'you', 'enter', 'through', 'the', 'white', 'door']",nr3d,True,True,True,True,False,True
scene0138_00-radiator-2-44-43,When standing in the middle of the room facing the radiators the correct one is on the right.,True,411,645,scene0138_00,radiator,44,"['when', 'standing', 'in', 'the', 'middle', 'of', 'the', 'room', 'facing', 'the', 'radiators', 'the', 'correct', 'one', 'is', 'on', 'the', 'right']",nr3d,True,True,True,False,False,True
scene0014_00-sink-2-28-29,"The sink on the right side of the countertop, closest to the open door.",True,656,589,scene0014_00,sink,28,"['the', 'sink', 'on', 'the', 'right', 'side', 'of', 'the', 'countertop', 'closest', 'to', 'the', 'open', 'door']",nr3d,True,True,True,False,False,True
scene0308_00-pillow-3-8-9-10,"Facing the headboard from the foot of the bed, it's the white pillow on the left.",True,181,471,scene0308_00,pillow,8,"['facing', 'the', 'headboard', 'from', 'the', 'foot', 'of', 'the', 'bed', 'it', 'is', 'the', 'white', 'pillow', 'on', 'the', 'left']",nr3d,True,True,True,True,False,True
scene0698_00-lamp-3-16-17-22,When facing the bed choose the lamp on the left side.,True,85,192,scene0698_00,lamp,16,"['when', 'facing', 'the', 'bed', 'choose', 'the', 'lamp', 'on', 'the', 'left', 'side']",nr3d,True,True,True,False,False,True
scene0020_00-window-2-3-15,The window that's closest to your right.,True,605,132,scene0020_00,window,3,"['the', 'window', 'that', 'is', 'closest', 'to', 'your', 'right']",nr3d,True,True,True,False,False,True
scene0006_00-suitcase-2-21-28,suitcase end of bed next to wall to left offour pictures on the wall.,True,629,553,scene0006_00,suitcase,21,"['suitcase', 'end', 'of', 'bed', 'next', 'to', 'wall', 'to', 'left', 'of', 'four', 'pictures', 'on', 'the', 'wall']",nr3d,True,True,True,False,False,True
scene0319_00-sofa_chair-4-20-4-5-19,"facing the couches, choose the second chair from the right.",True,67,14,scene0319_00,sofa chair,20,"['facing', 'the', 'couches', 'choose', 'the', 'second', 'chair', 'from', 'the', 'right']",nr3d,True,True,True,False,False,True
scene0162_00-window-2-7-25,"The window on the left, when facing the windows.",True,322,701,scene0162_00,window,7,"['the', 'window', 'on', 'the', 'left', 'when', 'facing', 'the', 'windows']",nr3d,True,True,True,False,False,True
scene0592_00-window-6-56-10-12-55-57-58,The window right above computer monitor with something on screen,False,694,570,scene0592_00,window,56,"['the', 'window', 'right', 'above', 'computer', 'monitor', 'with', 'something', 'on', 'screen']",nr3d,True,True,True,False,False,True
scene0530_00-door-4-35-12-26-34,"The right-hand of the two side-by-side doors, when facing them.",True,353,662,scene0530_00,door,35,"['the', 'right', 'hand', 'of', 'the', 'two', 'side', 'by', 'side', 'doors', 'when', 'facing', 'them']",nr3d,True,True,True,False,False,True
scene0394_00-plant-6-60-0-23-43-68-81,"When standing looking at the bed, the correct plant is directly to the right of the bed, it has a lamp on near it.",True,411,132,scene0394_00,plant,60,"['when', 'standing', 'looking', 'at', 'the', 'bed', 'the', 'correct', 'plant', 'is', 'directly', 'to', 'the', 'right', 'of', 'the', 'bed', 'it', 'has', 'a', 'lamp', 'on', 'near', 'it']",nr3d,True,True,True,False,False,True
scene0398_00-desk-2-2-1,"Facing the window, the desk on the left.",True,564,353,scene0398_00,desk,2,"['facing', 'the', 'window', 'the', 'desk', 'on', 'the', 'left']",nr3d,True,True,True,False,False,True
scene0254_00-bathroom_stall_door-3-26-25-27,The open stall door on the far left next to the long wood panel wall.,True,390,553,scene0254_00,bathroom stall door,26,"['the', 'open', 'stall', 'door', 'on', 'the', 'far', 'left', 'next', 'to', 'the', 'long', 'wood', 'panel', 'wall']",nr3d,True,True,True,False,True,True
scene0281_00-couch-3-16-15-17,"The long couch underneath a window, with a gray chair to its right.",True,618,714,scene0281_00,couch,16,"['the', 'long', 'couch', 'underneath', 'a', 'window', 'with', 'a', 'grey', 'chair', 'to', 'its', 'right']",nr3d,True,True,True,True,True,True
scene0101_00-shoes-5-16-14-15-17-18,In the row of shoes the shoe that is second to the left.,True,564,692,scene0101_00,shoes,16,"['in', 'the', 'row', 'of', 'shoes', 'the', 'shoe', 'that', 'is', 'second', 'to', 'the', 'left']",nr3d,True,True,True,False,False,True
scene0510_00-toilet-2-6-5,toilet in the brightly lit stall,True,668,29,scene0510_00,toilet,6,"['toilet', 'in', 'the', 'brightly', 'lit', 'stall']",nr3d,True,True,True,False,False,True
scene0175_00-toilet_paper-5-33-12-31-32-34,"The second toilet paper from the left, up high.",True,322,77,scene0175_00,toilet paper,33,"['the', 'second', 'toilet', 'paper', 'from', 'the', 'left', 'up', 'high']",nr3d,True,True,True,False,False,True
scene0166_00-door-3-33-5-14,"There is a bookshelf between two doors. It is the door on the left, closest to the windows.",True,56,437,scene0166_00,door,33,"['there', 'is', 'a', 'bookshelf', 'between', 'two', 'doors', 'it', 'is', 'the', 'door', 'on', 'the', 'left', 'closest', 'to', 'the', 'windows']",nr3d,True,True,True,False,False,True
scene0584_00-box-2-27-28,smaller box on the left,True,224,17,scene0584_00,box,27,"['smaller', 'box', 'on', 'the', 'left']",nr3d,True,True,True,False,True,True
scene0395_00-monitor-4-32-0-25-33,"looking at the window from the door, the back right monitor.",True,94,358,scene0395_00,monitor,32,"['looking', 'at', 'the', 'window', 'from', 'the', 'door', 'the', 'back', 'right', 'monitor']",nr3d,True,True,True,False,False,True
scene0315_00-pillow-5-28-26-27-42-43,"Facing the couch, it's the pillow furthest to the right.",True,137,353,scene0315_00,pillow,28,"['facing', 'the', 'couch', 'it', 'is', 'the', 'pillow', 'farthest', 'to', 'the', 'right']",nr3d,True,True,True,False,False,True
scene0279_00-mirror-2-41-46,The mirror is on the wall directly to the right of the door entering the suite.,True,75,21,scene0279_00,mirror,41,"['the', 'mirror', 'is', 'on', 'the', 'wall', 'directly', 'to', 'the', 'right', 'of', 'the', 'door', 'entering', 'the', 'suite']",nr3d,True,True,True,False,False,True
scene0002_00-window-2-38-37,Window on the right side of the desk if you are standing in front of the desk.,True,263,206,scene0002_00,window,38,"['window', 'on', 'the', 'right', 'side', 'of', 'the', 'desk', 'if', 'you', 'are', 'standing', 'in', 'front', 'of', 'the', 'desk']",nr3d,True,True,True,False,False,True
scene0319_00-sofa_chair-4-4-5-19-20,"if looking at the chairs from behind, toward the couches, is the middle chair on the left.",True,94,192,scene0319_00,sofa chair,4,"['if', 'looking', 'at', 'the', 'chairs', 'from', 'behind', 'toward', 'the', 'couches', 'is', 'the', 'middle', 'chair', 'on', 'the', 'left']",nr3d,True,True,True,False,False,True
scene0213_00-window-2-21-20,The bigger window on the left side of the room,True,596,564,scene0213_00,window,21,"['the', 'bigger', 'window', 'on', 'the', 'left', 'side', 'of', 'the', 'room']",nr3d,True,True,True,False,False,True
scene0254_00-toilet-2-22-23,"Of you are facing the toilets, it is the toilet on the right.",True,374,534,scene0254_00,toilet,22,"['of', 'you', 'are', 'facing', 'the', 'toilets', 'it', 'is', 'the', 'toilet', 'on', 'the', 'right']",nr3d,True,True,True,False,False,True
scene0259_00-window-2-3-13,"facing the windows, the one on the right",True,534,523,scene0259_00,window,3,"['facing', 'the', 'windows', 'the', 'one', 'on', 'the', 'right']",nr3d,True,True,True,False,False,True
scene0452_00-picture-5-23-19-20-21-22,the picture on the bottom right,True,440,85,scene0452_00,picture,23,"['the', 'picture', 'on', 'the', 'bottom', 'right']",nr3d,True,True,True,False,False,True
scene0632_00-books-5-12-8-9-10-11,the books on the top left,True,440,528,scene0632_00,books,12,"['the', 'books', 'on', 'the', 'top', 'left']",nr3d,True,True,True,False,False,True
scene0286_00-window-3-34-14-30,The narrow window pane on the left hand side from the large window pane,False,570,617,scene0286_00,window,34,"['the', 'narrow', 'window', 'pane', 'on', 'the', 'left', 'hand', 'side', 'from', 'the', 'large', 'window', 'pane']",nr3d,True,True,True,False,True,True
scene0413_00-shoes-5-18-19-22-23-24,"When facing towards the closest, these shoes are on the top and to the right side.",True,595,434,scene0413_00,shoes,18,"['when', 'facing', 'towards', 'the', 'closest', 'these', 'shoes', 'are', 'on', 'the', 'top', 'and', 'to', 'the', 'right', 'side']",nr3d,True,True,True,False,False,True
scene0661_00-table-5-7-6-8-9-10,"When facing the windows, the small rectangular table all the way on the right.",True,309,471,scene0661_00,table,7,"['when', 'facing', 'the', 'windows', 'the', 'small', 'rectangular', 'table', 'all', 'the', 'way', 'on', 'the', 'right']",nr3d,True,True,True,False,True,True
scene0467_00-pillow-3-5-20-21,"When facing the wall with many pictures hanging on it, choose the pillow that is second from the left on the sofa.",True,183,485,scene0467_00,pillow,5,"['when', 'facing', 'the', 'wall', 'with', 'many', 'pictures', 'hanging', 'on', 'it', 'choose', 'the', 'pillow', 'that', 'is', 'second', 'from', 'the', 'left', 'on', 'the', 'sofa']",nr3d,True,True,True,False,False,True
scene0547_00-monitor-3-34-35-43,"Facing the two monitors next to each other, choose the monitor on the left.",True,183,663,scene0547_00,monitor,34,"['facing', 'the', 'two', 'monitors', 'next', 'to', 'each', 'other', 'choose', 'the', 'monitor', 'on', 'the', 'left']",nr3d,True,True,True,False,False,True
scene0576_00-nightstand-2-1-0,The nightstand on the left of the bed.,True,469,356,scene0576_00,nightstand,1,"['the', 'nightstand', 'on', 'the', 'left', 'of', 'the', 'bed']",nr3d,True,True,True,False,False,True
scene0424_00-book-2-39-51,Facing the television this box books will be on the upper right part of the shelf.,True,620,564,scene0424_00,book,39,"['facing', 'the', 'television', 'this', 'box', 'books', 'will', 'be', 'on', 'the', 'upper', 'right', 'part', 'of', 'the', 'shelf']",nr3d,True,True,True,False,False,True
scene0261_00-light-2-28-29,The light is on the left side of the mirror.,True,114,418,scene0261_00,light,28,"['the', 'light', 'is', 'on', 'the', 'left', 'side', 'of', 'the', 'mirror']",nr3d,True,True,True,False,False,True
scene0127_00-trash_can-2-12-13,"Standing in the middle of the room looking at the trash cans, it's the can on the right",True,16,555,scene0127_00,trash can,12,"['standing', 'in', 'the', 'middle', 'of', 'the', 'room', 'looking', 'at', 'the', 'trash', 'cans', 'it', 'is', 'the', 'can', 'on', 'the', 'right']",nr3d,True,True,True,False,False,True
scene0592_00-table-6-61-32-33-34-59-60,"Facing the doorway, in the quad section of tables, it is the closest one on the right side.",False,648,19,scene0592_00,table,61,"['facing', 'the', 'doorway', 'in', 'the', 'quad', 'section', 'of', 'tables', 'it', 'is', 'the', 'closest', 'one', 'on', 'the', 'right', 'side']",nr3d,True,True,True,False,False,True
scene0590_00-bag-5-38-34-36-37-41,"Facing the bags in a row on the shelf, its on the left, and is longer/wider than the others.",True,353,342,scene0590_00,bag,38,"['facing', 'the', 'bags', 'in', 'a', 'row', 'on', 'the', 'shelf', 'its', 'on', 'the', 'left', 'and', 'is', 'longer', 'wider', 'than', 'the', 'others']",nr3d,True,True,True,False,True,True
scene0484_00-couch-2-3-2,"When facing the checked rug, chose the couch on the left.",True,308,353,scene0484_00,couch,3,"['when', 'facing', 'the', 'checked', 'rug', 'chose', 'the', 'couch', 'on', 'the', 'left']",nr3d,True,True,True,False,False,True
scene0400_00-trash_can-2-8-22,"By the HVAC unit to the left hand side of the desk, 2nd trash can behind the chair",True,107,7,scene0400_00,trash can,8,"['by', 'the', 'hvac', 'unit', 'to', 'the', 'left', 'hand', 'side', 'of', 'the', 'desk', 'second', 'trash', 'can', 'behind', 'the', 'chair']",nr3d,True,True,True,False,False,True
scene0394_00-plant-6-0-23-43-60-68-81,large plant to the left of the bed.,True,94,257,scene0394_00,plant,0,"['large', 'plant', 'to', 'the', 'left', 'of', 'the', 'bed']",nr3d,True,True,True,False,True,True
scene0468_00-office_chair-2-26-15,"Facing the window, it is the chair on the right.",True,56,589,scene0468_00,office chair,26,"['facing', 'the', 'window', 'it', 'is', 'the', 'chair', 'on', 'the', 'right']",nr3d,True,True,True,False,False,True
scene0569_00-keyboard-2-18-17,the keyboard to the right closest to the door,True,220,321,scene0569_00,keyboard,18,"['the', 'keyboard', 'to', 'the', 'right', 'closest', 'to', 'the', 'door']",nr3d,True,True,True,False,False,True
scene0528_00-chair-4-3-0-1-2,"If you face all the chairs from the other side of the table, it is the one furthest left.",True,56,596,scene0528_00,chair,3,"['if', 'you', 'face', 'all', 'the', 'chairs', 'from', 'the', 'other', 'side', 'of', 'the', 'table', 'it', 'is', 'the', 'one', 'farthest', 'left']",nr3d,True,True,True,False,False,True
scene0110_00-wardrobe_closet-2-25-3,"Looking towards the open door, there are two wooden wardrobe closets. Select the one on the right side.",True,599,145,scene0110_00,wardrobe closet,25,"['looking', 'towards', 'the', 'open', 'door', 'there', 'are', 'two', 'wooden', 'wardrobe', 'closets', 'select', 'the', 'one', 'on', 'the', 'right', 'side']",nr3d,True,True,True,False,False,True
scene0561_00-door-6-4-3-5-7-8-23,The open door on the right,True,562,650,scene0561_00,door,4,"['the', 'open', 'door', 'on', 'the', 'right']",nr3d,True,True,True,False,False,True
scene0254_00-paper_towel_dispenser-2-30-24,If you are using the sinks its the paper towel dispenser on the right,True,596,595,scene0254_00,paper towel dispenser,30,"['if', 'you', 'are', 'using', 'the', 'sinks', 'its', 'the', 'paper', 'towel', 'dispenser', 'on', 'the', 'right']",nr3d,True,True,True,False,False,True
scene0323_00-trash_can-2-2-15,The trash can directly to the left of the fridge.,True,66,596,scene0323_00,trash can,2,"['the', 'trash', 'can', 'directly', 'to', 'the', 'left', 'of', 'the', 'fridge']",nr3d,True,True,True,False,False,True
scene0006_00-pillow-6-18-10-11-12-13-17,"When standing in the middle of the room looking at the beds, the correct pillow is on the far left in the corner.",True,411,224,scene0006_00,pillow,18,"['when', 'standing', 'in', 'the', 'middle', 'of', 'the', 'room', 'looking', 'at', 'the', 'beds', 'the', 'correct', 'pillow', 'is', 'on', 'the', 'far', 'left', 'in', 'the', 'corner']",nr3d,True,True,True,False,False,True
scene0505_00-trash_can-2-30-25,"If you are looking at the 2 trashcans, the correct one is on the right",True,215,127,scene0505_00,trash can,30,"['if', 'you', 'are', 'looking', 'at', 'the', 'two', 'trashcans', 'the', 'correct', 'one', 'is', 'on', 'the', 'right']",nr3d,True,True,True,False,False,True
scene0197_00-trash_can-3-28-7-8,"The tall trash can on the left, which is closest to the little brown table.",True,324,132,scene0197_00,trash can,28,"['the', 'tall', 'trash', 'can', 'on', 'the', 'left', 'which', 'is', 'closest', 'to', 'the', 'little', 'brown', 'table']",nr3d,True,True,True,True,True,True
scene0505_00-desk-6-5-0-1-4-6-37,"From the entryway, the far right desk in the corner.",True,648,353,scene0505_00,desk,5,"['from', 'the', 'entryway', 'the', 'far', 'right', 'desk', 'in', 'the', 'corner']",nr3d,True,True,True,False,False,True
scene0309_00-table-2-16-15,When standing in the room facing towards the tables the correct one is on the right. There is a person by it.,True,411,188,scene0309_00,table,16,"['when', 'standing', 'in', 'the', 'room', 'facing', 'towards', 'the', 'tables', 'the', 'correct', 'one', 'is', 'on', 'the', 'right', 'there', 'is', 'a', 'person', 'by', 'it']",nr3d,True,True,True,False,False,True
scene0361_00-window-3-8-9-10,"This window is on the left, with a bookshelf extending forward.",True,353,16,scene0361_00,window,8,"['this', 'window', 'is', 'on', 'the', 'left', 'with', 'a', 'bookshelf', 'extending', 'forward']",nr3d,True,True,True,False,False,True
scene0370_00-office_chair-6-3-0-1-2-4-5,"Out of the two chairs side by side, pick the one on the left",True,175,129,scene0370_00,office chair,3,"['out', 'of', 'the', 'two', 'chairs', 'side', 'by', 'side', 'pick', 'the', 'one', 'on', 'the', 'left']",nr3d,True,True,True,False,False,True
scene0694_00-pillow-6-29-23-24-28-31-32,"the corner table in the sofas, select the cushion on your left next to that table",True,175,132,scene0694_00,pillow,29,"['the', 'corner', 'table', 'in', 'the', 'sofas', 'select', 'the', 'cushion', 'on', 'your', 'left', 'next', 'to', 'that', 'table']",nr3d,True,True,True,False,False,True
scene0592_00-table-6-61-32-33-34-59-60,four tables in the middle. select the one that faces towards the doors top right,False,175,644,scene0592_00,table,61,"['four', 'tables', 'in', 'the', 'middle', 'select', 'the', 'one', 'that', 'faces', 'towards', 'the', 'doors', 'top', 'right']",nr3d,True,True,True,False,False,True
scene0706_00-box-2-25-26,"This box is on top of a tall cabinet, immediately left of another box. A window is on the side where this box is.",True,353,132,scene0706_00,box,25,"['this', 'box', 'is', 'on', 'top', 'of', 'a', 'tall', 'cabinet', 'immediately', 'left', 'of', 'another', 'box', 'a', 'window', 'is', 'on', 'the', 'side', 'where', 'this', 'box', 'is']",nr3d,True,True,True,False,True,True
scene0177_00-desk-2-21-0,"Facing the window, the desk on the right.",True,564,247,scene0177_00,desk,21,"['facing', 'the', 'window', 'the', 'desk', 'on', 'the', 'right']",nr3d,True,True,True,False,False,True
scene0189_00-bench-6-25-1-2-3-4-6,"If you face the red wall with the white rectangles, there are six benches, and you want the left-most one.",True,219,199,scene0189_00,bench,25,"['if', 'you', 'face', 'the', 'red', 'wall', 'with', 'the', 'white', 'rectangles', 'there', 'are', 'six', 'benches', 'and', 'you', 'want', 'the', 'left', 'most', 'one']",nr3d,True,True,True,True,False,True
scene0604_00-chair-2-2-3,Face the couch and walk to the seat on the right next to it.,True,491,562,scene0604_00,chair,2,"['face', 'the', 'couch', 'and', 'walk', 'to', 'the', 'seat', 'on', 'the', 'right', 'next', 'to', 'it']",nr3d,True,True,True,False,False,True
scene0395_00-telephone-2-30-24,The telephone located to the left of a computer monitor.,True,468,260,scene0395_00,telephone,30,"['the', 'telephone', 'located', 'to', 'the', 'left', 'of', 'a', 'computer', 'monitor']",nr3d,True,True,True,False,False,True
scene0600_00-laundry_hamper-2-7-6,the laundry hamper on the right side of the closet.,True,440,384,scene0600_00,laundry hamper,7,"['the', 'laundry', 'hamper', 'on', 'the', 'right', 'side', 'of', 'the', 'closet']",nr3d,True,True,True,False,False,True
scene0336_00-cabinet-3-21-31-46,These cabinets are below the oval shape mirror handing to the left of the door as you walk in the door.,True,263,494,scene0336_00,cabinet,21,"['these', 'cabinets', 'are', 'below', 'the', 'oval', 'shape', 'mirror', 'handing', 'to', 'the', 'left', 'of', 'the', 'door', 'as', 'you', 'walk', 'in', 'the', 'door']",nr3d,True,True,True,False,True,True
scene0147_00-pillow-5-3-1-2-21-26,"The single pillow on the left hand side of the bed, if you are standing at the foot of the bed",True,47,310,scene0147_00,pillow,3,"['the', 'single', 'pillow', 'on', 'the', 'left', 'hand', 'side', 'of', 'the', 'bed', 'if', 'you', 'are', 'standing', 'at', 'the', 'foot', 'of', 'the', 'bed']",nr3d,True,True,True,False,False,True
scene0640_00-kitchen_cabinet-6-17-8-9-15-16-18,"Facing the oven, select the kitchen cabinet directly to the left of the oven.",True,254,85,scene0640_00,kitchen cabinet,17,"['facing', 'the', 'oven', 'select', 'the', 'kitchen', 'cabinet', 'directly', 'to', 'the', 'left', 'of', 'the', 'oven']",nr3d,True,True,True,False,False,True
scene0436_00-trash_can-6-1-0-2-3-11-23,the can to the left of the other machine,True,98,127,scene0436_00,trash can,1,"['the', 'can', 'to', 'the', 'left', 'of', 'the', 'other', 'machine']",nr3d,True,True,True,False,False,True
scene0576_00-book-2-18-19,"Looking at the bed head on, the book on the left below the smaller picture.",False,329,199,scene0576_00,book,18,"['looking', 'at', 'the', 'bed', 'head', 'on', 'the', 'book', 'on', 'the', 'left', 'below', 'the', 'smaller', 'picture']",nr3d,True,True,True,False,True,True
scene0383_00-shelf-3-5-21-24,a shelf to the right of the copier containing some office items,True,511,209,scene0383_00,shelf,5,"['a', 'shelf', 'to', 'the', 'right', 'of', 'the', 'copier', 'containing', 'some', 'office', 'items']",nr3d,True,True,True,False,False,True
scene0521_00-towel-2-45-44,"The small, rainbow towel on the right.",True,322,648,scene0521_00,towel,45,"['the', 'small', 'rainbow', 'towel', 'on', 'the', 'right']",nr3d,True,True,True,False,True,True
scene0141_00-books-2-42-36,The books right in front of the blue exercise ball,False,694,190,scene0141_00,books,42,"['the', 'books', 'right', 'in', 'front', 'of', 'the', 'blue', 'exercise', 'ball']",nr3d,True,True,True,True,False,True
scene0480_00-cabinet-2-16-20,"if standing in front of the love seat, the cabinet is to the left, is floor-standing, and has a shade.",True,327,132,scene0480_00,cabinet,16,"['if', 'standing', 'in', 'front', 'of', 'the', 'love', 'seat', 'the', 'cabinet', 'is', 'to', 'the', 'left', 'is', 'floor', 'standing', 'and', 'has', 'a', 'shade']",nr3d,True,True,True,True,False,True
scene0124_00-light-2-16-15,"Facing the sink, the light to the right.",True,564,85,scene0124_00,light,16,"['facing', 'the', 'sink', 'the', 'light', 'to', 'the', 'right']",nr3d,True,True,True,False,False,True
scene0467_00-pillow-3-21-5-20,The black pillow on the right of the couch.,True,505,226,scene0467_00,pillow,21,"['the', 'black', 'pillow', 'on', 'the', 'right', 'of', 'the', 'couch']",nr3d,True,True,True,True,False,True
scene0339_00-armchair-3-4-3-5,"facing the 2 single armchairs, its the chair to the right",True,220,315,scene0339_00,armchair,4,"['facing', 'the', 'two', 'single', 'armchairs', 'its', 'the', 'chair', 'to', 'the', 'right']",nr3d,True,True,True,False,False,True
scene0392_00-window-2-15-14,"When facing the windows, the one on the left",True,717,132,scene0392_00,window,15,"['when', 'facing', 'the', 'windows', 'the', 'one', 'on', 'the', 'left']",nr3d,True,True,True,False,False,True
scene0201_00-stool-2-26-4,When facing the brown couch this stool is on the left,True,85,108,scene0201_00,stool,26,"['when', 'facing', 'the', 'brown', 'couch', 'this', 'stool', 'is', 'on', 'the', 'left']",nr3d,True,True,True,True,False,True
scene0220_00-kitchen_cabinet-5-31-23-24-33-35,Facing the stove the kitchen cabinet in the upper left corner.,False,564,309,scene0220_00,kitchen cabinet,31,"['facing', 'the', 'stove', 'the', 'kitchen', 'cabinet', 'in', 'the', 'upper', 'left', 'corner']",nr3d,True,True,True,False,False,True
scene0698_00-nightstand-2-10-9,"facing the bed, nightstand on the right",True,534,230,scene0698_00,nightstand,10,"['facing', 'the', 'bed', 'nightstand', 'on', 'the', 'right']",nr3d,True,True,True,False,False,True
scene0398_00-dresser-2-4-3,"Facing the door, this dresser is under the bed on the right.",True,672,29,scene0398_00,dresser,4,"['facing', 'the', 'door', 'this', 'dresser', 'is', 'under', 'the', 'bed', 'on', 'the', 'right']",nr3d,True,True,True,False,False,True
scene0137_00-door-4-34-29-30-31,"A door to the left of and in front of a brown armchair, on the other side of a black object.",False,598,401,scene0137_00,door,34,"['a', 'door', 'to', 'the', 'left', 'of', 'and', 'in', 'front', 'of', 'a', 'brown', 'armchair', 'on', 'the', 'other', 'side', 'of', 'a', 'black', 'object']",nr3d,True,True,True,True,False,True
scene0350_00-paper_towel_dispenser-2-23-7,The left paper dispenser near sink,True,562,132,scene0350_00,paper towel dispenser,23,"['the', 'left', 'paper', 'dispenser', 'near', 'sink']",nr3d,True,True,True,False,False,True
scene0000_00-stool-4-29-28-30-31,"the second stool, from left to right",False,220,444,scene0000_00,stool,29,"['the', 'second', 'stool', 'from', 'left', 'to', 'right']",nr3d,True,True,True,False,False,True
scene0503_00-couch-2-1-0,"if the plant at the end of the sofas is at the bottom, its the sofa on the left...not facing the white board",True,702,375,scene0503_00,couch,1,"['if', 'the', 'plant', 'at', 'the', 'end', 'of', 'the', 'sofas', 'is', 'at', 'the', 'bottom', 'its', 'the', 'sofa', 'on', 'the', 'left', 'not', 'facing', 'the', 'white', 'board']",nr3d,True,True,True,True,False,True
scene0350_00-paper_towel_dispenser-2-7-23,"Facing the dispensers, the dispenser on the right.",True,564,585,scene0350_00,paper towel dispenser,7,"['facing', 'the', 'dispensers', 'the', 'dispenser', 'on', 'the', 'right']",nr3d,True,True,True,False,False,True
scene0592_00-chair-6-18-16-19-20-31-62,The chair in the left hand corner of the room,True,570,360,scene0592_00,chair,18,"['the', 'chair', 'in', 'the', 'left', 'hand', 'corner', 'of', 'the', 'room']",nr3d,True,True,True,False,False,True
scene0619_00-shelf-2-9-4,"When looking at the shelves, it's the shorter shelf, to the left.",True,322,132,scene0619_00,shelf,9,"['when', 'looking', 'at', 'the', 'shelves', 'it', 'is', 'the', 'shorter', 'shelf', 'to', 'the', 'left']",nr3d,True,True,True,False,False,True
scene0319_00-coffee_table-4-12-9-10-11,When facing the couches with the pillows it is the table furthest to the left.,True,506,534,scene0319_00,coffee table,12,"['when', 'facing', 'the', 'couches', 'with', 'the', 'pillows', 'it', 'is', 'the', 'table', 'farthest', 'to', 'the', 'left']",nr3d,True,True,True,False,False,True
scene0547_00-desk-2-0-52,"Facing the window, the desk on the left.",True,192,579,scene0547_00,desk,0,"['facing', 'the', 'window', 'the', 'desk', 'on', 'the', 'left']",nr3d,True,True,True,False,False,True
scene0698_00-lamp-3-16-17-22,the lamp on the right side of the bed.,True,469,371,scene0698_00,lamp,16,"['the', 'lamp', 'on', 'the', 'right', 'side', 'of', 'the', 'bed']",nr3d,True,True,True,False,False,True
scene0238_00-box-4-36-8-34-39,Select the righthand box that's closest to the door.,False,471,318,scene0238_00,box,36,"['select', 'the', 'righthand', 'box', 'that', 'is', 'closest', 'to', 'the', 'door']",nr3d,True,True,True,False,False,True
scene0555_00-desk-4-10-20-21-31,"Facing the green wall, it is the desk on the left and closest to the green wall.",True,179,85,scene0555_00,desk,10,"['facing', 'the', 'green', 'wall', 'it', 'is', 'the', 'desk', 'on', 'the', 'left', 'and', 'closest', 'to', 'the', 'green', 'wall']",nr3d,True,True,True,True,False,True
scene0431_00-file_cabinet-5-19-10-11-12-13,"looking at the slim tall file cabinets, pick the shorter one on the right.",True,384,451,scene0431_00,file cabinet,19,"['looking', 'at', 'the', 'slim', 'tall', 'file', 'cabinets', 'pick', 'the', 'shorter', 'one', 'on', 'the', 'right']",nr3d,True,True,True,False,True,True
scene0418_00-pillow-4-6-7-8-9,left pillow on the bed,True,224,648,scene0418_00,pillow,6,"['left', 'pillow', 'on', 'the', 'bed']",nr3d,True,True,True,False,False,True
scene0031_00-plant-2-13-14,"When facing the painting, this plant is on the right side.",True,659,137,scene0031_00,plant,13,"['when', 'facing', 'the', 'painting', 'this', 'plant', 'is', 'on', 'the', 'right', 'side']",nr3d,True,True,True,False,False,True
scene0510_00-toilet-2-5-6,"Facing the toilets, choose the one on the left.",True,183,353,scene0510_00,toilet,5,"['facing', 'the', 'toilets', 'choose', 'the', 'one', 'on', 'the', 'left']",nr3d,True,True,True,False,False,True
scene0418_00-nightstand-2-24-23,it is the set of nightstands on the right-hand side of the bed with fewer items on it,True,570,434,scene0418_00,nightstand,24,"['it', 'is', 'the', 'set', 'of', 'nightstands', 'on', 'the', 'right', 'hand', 'side', 'of', 'the', 'bed', 'with', 'fewer', 'items', 'on', 'it']",nr3d,True,True,True,False,False,True
scene0143_00-curtain-2-5-6,"When facing the curtains, the curtain that is on the right side.",True,646,321,scene0143_00,curtain,5,"['when', 'facing', 'the', 'curtains', 'the', 'curtain', 'that', 'is', 'on', 'the', 'right', 'side']",nr3d,True,True,True,False,False,True
scene0028_00-bookshelf-4-22-5-6-21,"Of the two bookshelves by the seating area, it's the one on the right.",True,324,132,scene0028_00,bookshelf,22,"['of', 'the', 'two', 'bookshelves', 'by', 'the', 'seating', 'area', 'it', 'is', 'the', 'one', 'on', 'the', 'right']",nr3d,True,True,True,False,False,True
scene0218_00-table-2-18-19,The brown table in between the two beige couches right at the end of the work stations,True,702,710,scene0218_00,table,18,"['the', 'brown', 'table', 'in', 'between', 'the', 'two', 'beige', 'couches', 'right', 'at', 'the', 'end', 'of', 'the', 'work', 'stations']",nr3d,True,True,True,True,False,True
scene0443_00-chair-3-7-6-8,This is the black chair beside the bright red lounger.,True,353,367,scene0443_00,chair,7,"['this', 'is', 'the', 'black', 'chair', 'beside', 'the', 'bright', 'red', 'lounger']",nr3d,True,True,True,True,False,True
scene0489_00-computer_tower-2-3-4,"Facing the towers, the tower on the right.",True,564,596,scene0489_00,computer tower,3,"['facing', 'the', 'towers', 'the', 'tower', 'on', 'the', 'right']",nr3d,True,True,True,False,False,True
scene0178_00-picture-2-25-26,the picture above the guy in blue on the left,True,459,230,scene0178_00,picture,25,"['the', 'picture', 'above', 'the', 'guy', 'in', 'blue', 'on', 'the', 'left']",nr3d,True,True,True,True,False,True
scene0661_00-table-5-9-6-7-8-10,if the tables are on the back wall select the one fourth along from your left,True,175,564,scene0661_00,table,9,"['if', 'the', 'tables', 'are', 'on', 'the', 'back', 'wall', 'select', 'the', 'one', 'fourth', 'along', 'from', 'your', 'left']",nr3d,True,True,True,False,False,True
scene0247_00-door-4-6-15-19-40,door to the right of the fridge,True,30,148,scene0247_00,door,6,"['door', 'to', 'the', 'right', 'of', 'the', 'fridge']",nr3d,True,True,True,False,False,True
scene0592_00-table-6-34-32-33-59-60-61,The most right table of the 3 against the wall,True,224,162,scene0592_00,table,34,"['the', 'most', 'right', 'table', 'of', 'the', 'three', 'against', 'the', 'wall']",nr3d,True,True,True,False,False,True
scene0305_00-monitor-4-1-0-2-3,"Facing the monitors, the monitor in the top right corner.",True,564,553,scene0305_00,monitor,1,"['facing', 'the', 'monitors', 'the', 'monitor', 'in', 'the', 'top', 'right', 'corner']",nr3d,True,True,True,False,False,True
scene0625_00-towel-3-20-12-19,"Select the bottom towel of the two stacked on the right, not the hanging towel.",True,471,384,scene0625_00,towel,20,"['select', 'the', 'bottom', 'towel', 'of', 'the', 'two', 'stacked', 'on', 'the', 'right', 'not', 'the', 'hanging', 'towel']",nr3d,True,True,True,False,False,True
scene0661_00-chair-5-2-1-3-4-5,the third chair from the left when looking at the chairs on the wall,True,127,610,scene0661_00,chair,2,"['the', 'third', 'chair', 'from', 'the', 'left', 'when', 'looking', 'at', 'the', 'chairs', 'on', 'the', 'wall']",nr3d,True,True,True,False,False,True
scene0259_00-window-2-13-3,The left window.,True,469,21,scene0259_00,window,13,"['the', 'left', 'window']",nr3d,True,True,True,False,False,True
scene0240_00-shelf-3-23-2-22,"This is a small white shelf on a counter, with a brown shelf to its immediate left.",True,353,564,scene0240_00,shelf,23,"['this', 'is', 'a', 'small', 'white', 'shelf', 'on', 'a', 'counter', 'with', 'a', 'brown', 'shelf', 'to', 'its', 'immediate', 'left']",nr3d,True,True,True,True,True,True
scene0332_00-door-2-8-9,"If your back is against the window, it is the door directly across from you, not the door to your left.",True,80,585,scene0332_00,door,8,"['if', 'your', 'back', 'is', 'against', 'the', 'window', 'it', 'is', 'the', 'door', 'directly', 'across', 'from', 'you', 'not', 'the', 'door', 'to', 'your', 'left']",nr3d,True,True,True,False,False,True
scene0477_00-picture-3-21-6-27,"When facing the windows, its the picture to the left.",True,672,216,scene0477_00,picture,21,"['when', 'facing', 'the', 'windows', 'its', 'the', 'picture', 'to', 'the', 'left']",nr3d,True,True,True,False,False,True
scene0206_00-chair-5-4-2-3-5-31,"facing the window, the rightmost chair",True,648,564,scene0206_00,chair,4,"['facing', 'the', 'window', 'the', 'rightmost', 'chair']",nr3d,True,True,True,False,False,True
scene0092_00-laundry_hamper-2-31-30,"Facing the foot of the bed, the leftmost laundry hamper.",True,564,543,scene0092_00,laundry hamper,31,"['facing', 'the', 'foot', 'of', 'the', 'bed', 'the', 'leftmost', 'laundry', 'hamper']",nr3d,True,True,True,False,False,True
scene0394_00-nightstand-2-9-7,The nightstand to the right of the foot of the bed,True,67,132,scene0394_00,nightstand,9,"['the', 'nightstand', 'to', 'the', 'right', 'of', 'the', 'foot', 'of', 'the', 'bed']",nr3d,True,True,True,False,False,True
scene0177_00-monitor-4-30-3-23-25,"Face the desk close to the large whiteboard.  It's the monitor on the right of that desk, with papers near its base.",True,429,471,scene0177_00,monitor,30,"['face', 'the', 'desk', 'close', 'to', 'the', 'large', 'whiteboard', 'it', 'is', 'the', 'monitor', 'on', 'the', 'right', 'of', 'that', 'desk', 'with', 'papers', 'near', 'its', 'base']",nr3d,True,True,True,False,True,True
scene0002_00-window-2-38-37,choose the right window.,True,356,710,scene0002_00,window,38,"['choose', 'the', 'right', 'window']",nr3d,True,True,True,False,False,True
scene0398_00-desk-2-2-1,"Facing the window, the desk on the left.",True,564,132,scene0398_00,desk,2,"['facing', 'the', 'window', 'the', 'desk', 'on', 'the', 'left']",nr3d,True,True,True,False,False,True
scene0698_00-pillow-2-47-46,"Standing at the foot of the bead and facing the headboard, it's the pillow on the right.",True,339,501,scene0698_00,pillow,47,"['standing', 'at', 'the', 'foot', 'of', 'the', 'bead', 'and', 'facing', 'the', 'headboard', 'it', 'is', 'the', 'pillow', 'on', 'the', 'right']",nr3d,True,True,True,False,False,True
scene0200_00-door-2-9-6,"If you stand looking toward the headboard of the bed, the door is the one on the left.",True,32,247,scene0200_00,door,9,"['if', 'you', 'stand', 'looking', 'toward', 'the', 'headboard', 'of', 'the', 'bed', 'the', 'door', 'is', 'the', 'one', 'on', 'the', 'left']",nr3d,True,True,True,False,False,True
scene0239_00-picture-2-11-4,"Looking directly at the 2 pictures, its the picture on the right.",True,16,564,scene0239_00,picture,11,"['looking', 'directly', 'at', 'the', 'two', 'pictures', 'its', 'the', 'picture', 'on', 'the', 'right']",nr3d,True,True,True,False,False,True
scene0106_00-keyboard-6-28-24-25-27-30-32,The keyboard 2nd from the left when coming directly from the blue door.,True,501,610,scene0106_00,keyboard,28,"['the', 'keyboard', 'second', 'from', 'the', 'left', 'when', 'coming', 'directly', 'from', 'the', 'blue', 'door']",nr3d,True,True,True,True,False,True
scene0006_00-pillow-6-18-10-11-12-13-17,"Facing the beds, the left side pillow that is on the bed farthest from the window.",True,646,82,scene0006_00,pillow,18,"['facing', 'the', 'beds', 'the', 'left', 'side', 'pillow', 'that', 'is', 'on', 'the', 'bed', 'farthest', 'from', 'the', 'window']",nr3d,True,True,True,False,False,True
scene0656_00-books-2-35-32,Book to the left on shelf,True,129,597,scene0656_00,books,35,"['book', 'to', 'the', 'left', 'on', 'shelf']",nr3d,True,True,True,False,False,True
scene0312_00-table-2-8-12,"It's an end table with a lamp on it, right next to the green sofa.",True,638,648,scene0312_00,table,8,"['it', 'is', 'an', 'end', 'table', 'with', 'a', 'lamp', 'on', 'it', 'right', 'next', 'to', 'the', 'green', 'sofa']",nr3d,True,True,True,True,False,True
scene0140_00-trash_can-2-32-31,"Find the trash can on the left, closes to the door.",True,308,719,scene0140_00,trash can,32,"['find', 'the', 'trash', 'can', 'on', 'the', 'left', 'closes', 'to', 'the', 'door']",nr3d,True,True,True,False,False,True
scene0254_00-trash_can-2-28-29,"staring at the sinks from the toilet, you want the trash can to the left",True,67,16,scene0254_00,trash can,28,"['staring', 'at', 'the', 'sinks', 'from', 'the', 'toilet', 'you', 'want', 'the', 'trash', 'can', 'to', 'the', 'left']",nr3d,True,True,True,False,False,True
scene0258_00-chair-6-3-2-4-5-6-9,face computers. farthest chair to the left,True,143,353,scene0258_00,chair,3,"['face', 'computers', 'farthest', 'chair', 'to', 'the', 'left']",nr3d,True,True,True,False,False,True
scene0641_00-picture-2-12-13,the picture on the right hand side,True,570,371,scene0641_00,picture,12,"['the', 'picture', 'on', 'the', 'right', 'hand', 'side']",nr3d,True,True,True,False,False,True
scene0691_00-box-4-18-10-16-17,"Standing in the middle of the room looking at all 4 boxes, it's the box furthest to the right.",False,16,7,scene0691_00,box,18,"['standing', 'in', 'the', 'middle', 'of', 'the', 'room', 'looking', 'at', 'all', 'four', 'boxes', 'it', 'is', 'the', 'box', 'farthest', 'to', 'the', 'right']",nr3d,True,True,True,False,False,True
scene0301_00-plant-3-5-6-22,Choose the plant in the pot on the left side of the tv stand.,True,356,562,scene0301_00,plant,5,"['choose', 'the', 'plant', 'in', 'the', 'pot', 'on', 'the', 'left', 'side', 'of', 'the', 'tv', 'stand']",nr3d,True,True,True,False,False,True
scene0468_00-bed-2-0-1,the bed with a white stripe on the right,False,570,564,scene0468_00,bed,0,"['the', 'bed', 'with', 'a', 'white', 'stripe', 'on', 'the', 'right']",nr3d,True,True,True,True,False,True
scene0646_00-door-2-18-17,The door with the knob on the right.,True,322,665,scene0646_00,door,18,"['the', 'door', 'with', 'the', 'knob', 'on', 'the', 'right']",nr3d,True,True,True,False,False,True
scene0656_00-pillow-2-20-19,"When viewing from the foot of the bed, it's the pillow on the left.",True,324,703,scene0656_00,pillow,20,"['when', 'viewing', 'from', 'the', 'foot', 'of', 'the', 'bed', 'it', 'is', 'the', 'pillow', 'on', 'the', 'left']",nr3d,True,True,True,False,False,True
scene0218_00-chair-5-4-3-5-6-7,"facing the row of chairs, its the second chair going from left to right",False,220,132,scene0218_00,chair,4,"['facing', 'the', 'row', 'of', 'chairs', 'its', 'the', 'second', 'chair', 'going', 'from', 'left', 'to', 'right']",nr3d,True,True,True,False,False,True
scene0469_00-computer_tower-2-0-1,The computer under the desk to the right of the table with four monitors.,True,67,260,scene0469_00,computer tower,0,"['the', 'computer', 'under', 'the', 'desk', 'to', 'the', 'right', 'of', 'the', 'table', 'with', 'four', 'monitors']",nr3d,True,True,True,False,False,True
scene0464_00-picture-4-40-26-27-28,picture to the left of the whiteboard,True,94,353,scene0464_00,picture,40,"['picture', 'to', 'the', 'left', 'of', 'the', 'whiteboard']",nr3d,True,True,True,False,False,True
scene0681_00-shelf-2-4-13,"If you are looking at the refrigerator, it is the shelf on your left",True,497,701,scene0681_00,shelf,4,"['if', 'you', 'are', 'looking', 'at', 'the', 'refrigerator', 'it', 'is', 'the', 'shelf', 'on', 'your', 'left']",nr3d,True,True,True,False,False,True
scene0001_00-couch-4-8-0-1-9,Look at the two end table sitting side by side.  You want the couch to the left.,True,308,706,scene0001_00,couch,8,"['look', 'at', 'the', 'two', 'end', 'table', 'sitting', 'side', 'by', 'side', 'you', 'want', 'the', 'couch', 'to', 'the', 'left']",nr3d,True,True,True,False,False,True
scene0178_00-bed-2-14-13,The bed on the left with the guy with the blue shirt.,True,469,335,scene0178_00,bed,14,"['the', 'bed', 'on', 'the', 'left', 'with', 'the', 'guy', 'with', 'the', 'blue', 'shirt']",nr3d,True,True,True,True,False,True
scene0099_00-chair-4-1-0-2-3,"there are two chairs with a bright window behind them, hit the right one",True,289,252,scene0099_00,chair,1,"['there', 'are', 'two', 'chairs', 'with', 'a', 'bright', 'window', 'behind', 'them', 'hit', 'the', 'right', 'one']",nr3d,True,True,True,True,False,True
scene0258_00-chair-6-2-3-4-5-6-9,Locate the two tan chairs that sit together. Pick the one on the right at the far end of the room.,True,308,591,scene0258_00,chair,2,"['locate', 'the', 'two', 'tan', 'chairs', 'that', 'sit', 'together', 'pick', 'the', 'one', 'on', 'the', 'right', 'at', 'the', 'far', 'end', 'of', 'the', 'room']",nr3d,True,True,True,True,False,True
scene0661_00-chair-5-5-1-2-3-4,"The chair that is all the way to the left as you walk in the door, not the one next to the door",True,504,132,scene0661_00,chair,5,"['the', 'chair', 'that', 'is', 'all', 'the', 'way', 'to', 'the', 'left', 'as', 'you', 'walk', 'in', 'the', 'door', 'not', 'the', 'one', 'next', 'to', 'the', 'door']",nr3d,True,True,True,False,False,True
scene0163_00-door-2-15-16,"facing the two doors, the correct one is on the left",True,570,260,scene0163_00,door,15,"['facing', 'the', 'two', 'doors', 'the', 'correct', 'one', 'is', 'on', 'the', 'left']",nr3d,True,True,True,False,False,True
scene0627_00-picture-6-40-24-25-38-39-43,"On the wall with two pictures, it is the on on the right.",True,56,501,scene0627_00,picture,40,"['on', 'the', 'wall', 'with', 'two', 'pictures', 'it', 'is', 'the', 'on', 'on', 'the', 'right']",nr3d,True,True,True,False,False,True
scene0371_00-chair-4-4-5-6-7,"facing the chairs, choose the second from the left.",True,356,518,scene0371_00,chair,4,"['facing', 'the', 'chairs', 'choose', 'the', 'second', 'from', 'the', 'left']",nr3d,True,True,True,False,False,True
scene0592_00-window-6-58-10-12-55-56-57,"If you were to enter the room through the double doors, choose the window that is directly to the right when you walk in.",True,602,192,scene0592_00,window,58,"['if', 'you', 'were', 'to', 'enter', 'the', 'room', 'through', 'the', 'double', 'doors', 'choose', 'the', 'window', 'that', 'is', 'directly', 'to', 'the', 'right', 'when', 'you', 'walk', 'in']",nr3d,True,True,True,False,False,True
scene0130_00-monitor-2-8-11,monitor to the left closest to the door,True,286,190,scene0130_00,monitor,8,"['monitor', 'to', 'the', 'left', 'closest', 'to', 'the', 'door']",nr3d,True,True,True,False,False,True
scene0189_00-office_chair-6-20-16-17-18-19-21,facing the office chairs. the one on the far right,True,224,77,scene0189_00,office chair,20,"['facing', 'the', 'office', 'chairs', 'the', 'one', 'on', 'the', 'far', 'right']",nr3d,True,True,True,False,False,True
scene0211_00-box-6-19-18-20-21-29-38,"staring at the two boxes on the floor, the left box",True,224,702,scene0211_00,box,19,"['staring', 'at', 'the', 'two', 'boxes', 'on', 'the', 'floor', 'the', 'left', 'box']",nr3d,True,True,True,False,False,True
scene0089_00-trash_can-2-12-11,"facing the trash cans, right trash can",True,534,197,scene0089_00,trash can,12,"['facing', 'the', 'trash', 'cans', 'right', 'trash', 'can']",nr3d,True,True,True,False,False,True
scene0637_00-chair-3-9-2-10,Imagine you're sitting in the two chair facing the wall. Choose the one on the left.,True,237,384,scene0637_00,chair,9,"['imagine', 'you', 'are', 'sitting', 'in', 'the', 'two', 'chair', 'facing', 'the', 'wall', 'choose', 'the', 'one', 'on', 'the', 'left']",nr3d,True,True,True,False,False,True
scene0309_00-cabinet-5-21-19-20-38-49,"Under the table with two cabinets, the cabinet on the right.",True,564,235,scene0309_00,cabinet,21,"['under', 'the', 'table', 'with', 'two', 'cabinets', 'the', 'cabinet', 'on', 'the', 'right']",nr3d,True,True,True,False,False,True
scene0619_00-monitor-3-12-7-8,The double monitors. The one on the left.,True,67,141,scene0619_00,monitor,12,"['the', 'double', 'monitors', 'the', 'one', 'on', 'the', 'left']",nr3d,True,True,True,False,False,True
scene0640_00-chair-3-28-50-51,"Facing the refrigerator kitchen, its the chair on the left side on the black table.",True,330,174,scene0640_00,chair,28,"['facing', 'the', 'refrigerator', 'kitchen', 'its', 'the', 'chair', 'on', 'the', 'left', 'side', 'on', 'the', 'black', 'table']",nr3d,True,True,True,True,False,True
scene0418_00-nightstand-2-24-23,The nightstand to the right when facing the bed,True,277,321,scene0418_00,nightstand,24,"['the', 'nightstand', 'to', 'the', 'right', 'when', 'facing', 'the', 'bed']",nr3d,True,True,True,False,False,True
scene0175_00-toilet_paper-5-33-12-31-32-34,facing the mirror it is the toilet paper 2nd from the left,True,500,204,scene0175_00,toilet paper,33,"['facing', 'the', 'mirror', 'it', 'is', 'the', 'toilet', 'paper', 'second', 'from', 'the', 'left']",nr3d,True,True,True,False,False,True
scene0102_00-window-3-8-31-33,"If you are looking at the door with the window over it, it is the corner windows on the left.",True,56,148,scene0102_00,window,8,"['if', 'you', 'are', 'looking', 'at', 'the', 'door', 'with', 'the', 'window', 'over', 'it', 'it', 'is', 'the', 'corner', 'windows', 'on', 'the', 'left']",nr3d,True,True,True,False,False,True
scene0028_00-bookshelf-4-6-5-21-22,"the shelf further from the receptacle in the corner, to the left of it.",True,67,706,scene0028_00,bookshelf,6,"['the', 'shelf', 'farther', 'from', 'the', 'receptacle', 'in', 'the', 'corner', 'to', 'the', 'left', 'of', 'it']",nr3d,True,True,True,False,False,True
scene0024_00-shoes-2-33-32,"Facing the shoes, the shoes on the left.",True,564,710,scene0024_00,shoes,33,"['facing', 'the', 'shoes', 'the', 'shoes', 'on', 'the', 'left']",nr3d,True,True,True,False,False,True
scene0497_00-trash_can-6-10-31-42-43-49-61,"When facing the door with the windows, it's the trash can in the back left of the room.",False,322,29,scene0497_00,trash can,10,"['when', 'facing', 'the', 'door', 'with', 'the', 'windows', 'it', 'is', 'the', 'trash', 'can', 'in', 'the', 'back', 'left', 'of', 'the', 'room']",nr3d,True,True,True,False,False,True
scene0567_00-nightstand-2-4-5,the nightstand to the left of the bed,True,220,16,scene0567_00,nightstand,4,"['the', 'nightstand', 'to', 'the', 'left', 'of', 'the', 'bed']",nr3d,True,True,True,False,False,True
scene0305_00-telephone-2-32-33,"Facing the windows, the telephone on the left.",True,564,710,scene0305_00,telephone,32,"['facing', 'the', 'windows', 'the', 'telephone', 'on', 'the', 'left']",nr3d,True,True,True,False,False,True
scene0582_00-monitor-5-24-15-16-17-23,The second monitor from the right when facing the windows.,True,564,471,scene0582_00,monitor,24,"['the', 'second', 'monitor', 'from', 'the', 'right', 'when', 'facing', 'the', 'windows']",nr3d,True,True,True,False,False,True
scene0469_00-keyboard-4-28-25-26-27,The keyboard that is laying skewed to the monitor it's under. It's also close left when entering the room,True,277,192,scene0469_00,keyboard,28,"['the', 'keyboard', 'that', 'is', 'laying', 'skewed', 'to', 'the', 'monitor', 'it', 'is', 'under', 'it', 'is', 'also', 'close', 'left', 'when', 'entering', 'the', 'room']",nr3d,True,True,True,False,False,True
scene0082_00-table-4-9-7-8-10,the square table on the left side parallel to the one on the right side,True,570,353,scene0082_00,table,9,"['the', 'square', 'table', 'on', 'the', 'left', 'side', 'parallel', 'to', 'the', 'one', 'on', 'the', 'right', 'side']",nr3d,True,True,True,False,True,True
scene0398_00-recycling_bin-2-5-17,Face the door of the room.  The recycling bin you want to pick is on the right side.,True,251,714,scene0398_00,recycling bin,5,"['face', 'the', 'door', 'of', 'the', 'room', 'the', 'recycling', 'bin', 'you', 'want', 'to', 'pick', 'is', 'on', 'the', 'right', 'side']",nr3d,True,True,True,False,False,True
scene0642_00-door-3-22-7-37,"When you walk in the front door, look to your left behind the door you just opened.  It is across from the bathroom entrance.",True,588,564,scene0642_00,door,22,"['when', 'you', 'walk', 'in', 'the', 'front', 'door', 'look', 'to', 'your', 'left', 'behind', 'the', 'door', 'you', 'just', 'opened', 'it', 'is', 'across', 'from', 'the', 'bathroom', 'entrance']",nr3d,True,True,True,False,False,True
scene0104_00-door-2-6-21,The door to the right of the copier.,True,66,127,scene0104_00,door,6,"['the', 'door', 'to', 'the', 'right', 'of', 'the', 'copier']",nr3d,True,True,True,False,False,True
scene0027_00-chair-4-7-6-8-9,"Facing the striped picture on the wall, the chair on the right.",True,192,358,scene0027_00,chair,7,"['facing', 'the', 'striped', 'picture', 'on', 'the', 'wall', 'the', 'chair', 'on', 'the', 'right']",nr3d,True,True,True,False,False,True
scene0668_00-pillow-6-21-16-22-23-29-34,A pillow on the couch that has a backpack right next to it.,True,703,648,scene0668_00,pillow,21,"['a', 'pillow', 'on', 'the', 'couch', 'that', 'has', 'a', 'backpack', 'right', 'next', 'to', 'it']",nr3d,True,True,True,False,False,True
scene0522_00-cabinet-6-1-0-2-3-4-26,"The cabinet to the right, above the counter and washer/dryer.",True,322,353,scene0522_00,cabinet,1,"['the', 'cabinet', 'to', 'the', 'right', 'above', 'the', 'counter', 'and', 'washer', 'dryer']",nr3d,True,True,True,False,False,True
scene0522_00-cabinet-6-0-1-2-3-4-26,"Facing washer/dryer, it's the upper left double cabinet.",True,353,496,scene0522_00,cabinet,0,"['facing', 'washer', 'dryer', 'it', 'is', 'the', 'upper', 'left', 'double', 'cabinet']",nr3d,True,True,True,False,False,True
scene0061_00-ottoman-2-15-16,Choose the round ottoman on the left in front of the tv.,True,356,132,scene0061_00,ottoman,15,"['choose', 'the', 'round', 'ottoman', 'on', 'the', 'left', 'in', 'front', 'of', 'the', 'tv']",nr3d,True,True,True,False,False,True
scene0361_00-window-3-10-8-9,It is the window furthest to the right.,True,56,159,scene0361_00,window,10,"['it', 'is', 'the', 'window', 'farthest', 'to', 'the', 'right']",nr3d,True,True,True,False,False,True
scene0667_00-table-5-5-4-6-7-26,The table is immediately to the left of the window.,True,75,564,scene0667_00,table,5,"['the', 'table', 'is', 'immediately', 'to', 'the', 'left', 'of', 'the', 'window']",nr3d,True,True,True,False,False,True
scene0042_00-bathroom_stall-2-14-13,"Facing the sink, the stall furthest to the left.",True,71,656,scene0042_00,bathroom stall,14,"['facing', 'the', 'sink', 'the', 'stall', 'farthest', 'to', 'the', 'left']",nr3d,True,True,True,False,False,True
scene0499_00-lamp-2-48-47,the lamp to the right of the window,True,220,617,scene0499_00,lamp,48,"['the', 'lamp', 'to', 'the', 'right', 'of', 'the', 'window']",nr3d,True,True,True,False,False,True
scene0127_00-chair-2-2-3,"When standing at the open door and looking at the recycling bins, it's the chair on the right.",True,322,321,scene0127_00,chair,2,"['when', 'standing', 'at', 'the', 'open', 'door', 'and', 'looking', 'at', 'the', 'recycling', 'bins', 'it', 'is', 'the', 'chair', 'on', 'the', 'right']",nr3d,True,True,True,False,False,True
scene0399_00-sink-2-2-3,The sink on the left,True,277,579,scene0399_00,sink,2,"['the', 'sink', 'on', 'the', 'left']",nr3d,True,True,True,False,False,True
scene0582_00-book-2-2-3,"the white book, closest to the right monitor",True,289,589,scene0582_00,book,2,"['the', 'white', 'book', 'closest', 'to', 'the', 'right', 'monitor']",nr3d,True,True,True,True,False,True
scene0464_00-trash_can-2-7-6,The correct trash can is right next to a door.,True,411,645,scene0464_00,trash can,7,"['the', 'correct', 'trash', 'can', 'is', 'right', 'next', 'to', 'a', 'door']",nr3d,True,True,True,False,False,True
scene0265_00-towel-6-18-8-9-17-28-30,The crumpled towel to the right and nearest to the sink,True,579,138,scene0265_00,towel,18,"['the', 'crumpled', 'towel', 'to', 'the', 'right', 'and', 'nearest', 'to', 'the', 'sink']",nr3d,True,True,True,False,False,True
scene0536_00-lamp-2-18-14,Locate the lamp to the right of the couch.,True,465,528,scene0536_00,lamp,18,"['locate', 'the', 'lamp', 'to', 'the', 'right', 'of', 'the', 'couch']",nr3d,True,True,True,False,False,True
scene0614_00-monitor-4-41-19-20-42,Computer monitor to the right of the white board and sitting in the rear of the table.,False,330,132,scene0614_00,monitor,41,"['computer', 'monitor', 'to', 'the', 'right', 'of', 'the', 'white', 'board', 'and', 'sitting', 'in', 'the', 'rear', 'of', 'the', 'table']",nr3d,True,True,True,True,False,True
scene0288_00-kitchen_cabinet-2-24-25,"The single kitchen cabinet that is to the left of the stove, not in the corner but against the small wall.",True,717,714,scene0288_00,kitchen cabinet,24,"['the', 'single', 'kitchen', 'cabinet', 'that', 'is', 'to', 'the', 'left', 'of', 'the', 'stove', 'not', 'in', 'the', 'corner', 'but', 'against', 'the', 'small', 'wall']",nr3d,True,True,True,False,True,True
scene0275_00-window-4-20-19-21-27,"When standing in the middle of the room facing the windows, the correct one is second from the left.",True,411,610,scene0275_00,window,20,"['when', 'standing', 'in', 'the', 'middle', 'of', 'the', 'room', 'facing', 'the', 'windows', 'the', 'correct', 'one', 'is', 'second', 'from', 'the', 'left']",nr3d,True,True,True,False,False,True
scene0384_00-shelf-2-16-15,"When you enter the garage through the door, you will find this shelf on your left",True,572,137,scene0384_00,shelf,16,"['when', 'you', 'enter', 'the', 'garage', 'through', 'the', 'door', 'you', 'will', 'find', 'this', 'shelf', 'on', 'your', 'left']",nr3d,True,True,True,False,False,True
scene0582_00-monitor-5-16-15-17-23-24,When standing in the middle of the room facing the window the correct monitor is on the left and closer to the window.,True,411,21,scene0582_00,monitor,16,"['when', 'standing', 'in', 'the', 'middle', 'of', 'the', 'room', 'facing', 'the', 'window', 'the', 'correct', 'monitor', 'is', 'on', 'the', 'left', 'and', 'closer', 'to', 'the', 'window']",nr3d,True,True,True,False,False,True
scene0026_00-sink-2-14-15,The sink on the left under the yellow sign on the wall.,True,329,108,scene0026_00,sink,14,"['the', 'sink', 'on', 'the', 'left', 'under', 'the', 'yellow', 'sign', 'on', 'the', 'wall']",nr3d,True,True,True,True,False,True
scene0528_00-chair-4-0-1-2-3,"facing the front parts of the three chairs, the right most one",True,98,277,scene0528_00,chair,0,"['facing', 'the', 'front', 'parts', 'of', 'the', 'three', 'chairs', 'the', 'right', 'most', 'one']",nr3d,True,True,True,False,False,True
scene0483_00-window-2-20-19,"facing the windows, left",True,534,434,scene0483_00,window,20,"['facing', 'the', 'windows', 'left']",nr3d,True,True,True,False,False,True
scene0325_00-printer-2-5-0,Smaller of the two printers on your right,True,175,384,scene0325_00,printer,5,"['smaller', 'of', 'the', 'two', 'printers', 'on', 'your', 'right']",nr3d,True,True,True,False,True,True
scene0668_00-pillow-6-29-16-21-22-23-34,"When facing the television hanging on the brown wall, choose the pillow on the left.",False,183,648,scene0668_00,pillow,29,"['when', 'facing', 'the', 'television', 'hanging', 'on', 'the', 'brown', 'wall', 'choose', 'the', 'pillow', 'on', 'the', 'left']",nr3d,True,True,True,True,False,True
scene0384_00-shelf-2-15-16,the shelf next to the sink with a really messy shelf on its right,True,289,187,scene0384_00,shelf,15,"['the', 'shelf', 'next', 'to', 'the', 'sink', 'with', 'a', 'really', 'messy', 'shelf', 'on', 'its', 'right']",nr3d,True,True,True,False,False,True
scene0301_00-curtain-3-8-7-28,"Facing the two curtains on one wall, the second curtain on the right.",True,564,127,scene0301_00,curtain,8,"['facing', 'the', 'two', 'curtains', 'on', 'one', 'wall', 'the', 'second', 'curtain', 'on', 'the', 'right']",nr3d,True,True,True,False,False,True
scene0098_00-shelf-2-32-22,The wide shelf to the left of the taller shelf,True,658,340,scene0098_00,shelf,32,"['the', 'wide', 'shelf', 'to', 'the', 'left', 'of', 'the', 'taller', 'shelf']",nr3d,True,True,True,False,True,True
scene0369_00-book-4-28-0-19-21,The one book on top of yellow books to the right of the blue sculpture,True,67,27,scene0369_00,book,28,"['the', 'one', 'book', 'on', 'top', 'of', 'yellow', 'books', 'to', 'the', 'right', 'of', 'the', 'blue', 'sculpture']",nr3d,True,True,True,True,False,True
scene0394_00-cabinet-3-37-10-33,"The cabinet on the right, facing the wall with two cabinets on it.",True,322,215,scene0394_00,cabinet,37,"['the', 'cabinet', 'on', 'the', 'right', 'facing', 'the', 'wall', 'with', 'two', 'cabinets', 'on', 'it']",nr3d,True,True,True,False,False,True
scene0486_00-cabinet-2-45-41,"facing the cabinets, right",True,534,321,scene0486_00,cabinet,45,"['facing', 'the', 'cabinets', 'right']",nr3d,True,True,True,False,False,True
scene0554_00-door-3-18-17-19,the door facing the right side of the desk.,True,94,585,scene0554_00,door,18,"['the', 'door', 'facing', 'the', 'right', 'side', 'of', 'the', 'desk']",nr3d,True,True,True,False,False,True
scene0687_00-bottle-2-16-17,the bottle on the left side of the sink.,True,469,437,scene0687_00,bottle,16,"['the', 'bottle', 'on', 'the', 'left', 'side', 'of', 'the', 'sink']",nr3d,True,True,True,False,False,True
scene0325_00-window-2-8-10,Window to the left of the door,True,129,706,scene0325_00,window,8,"['window', 'to', 'the', 'left', 'of', 'the', 'door']",nr3d,True,True,True,False,False,True
scene0228_00-trash_can-6-11-3-4-5-9-10,"There are three trash can lined up in front of 3 trash cans,  I am the trash can on the far left.",False,127,230,scene0228_00,trash can,11,"['there', 'are', 'three', 'trash', 'can', 'lined', 'up', 'in', 'front', 'of', 'three', 'trash', 'cans', 'i', 'am', 'the', 'trash', 'can', 'on', 'the', 'far', 'left']",nr3d,True,True,True,False,False,True
scene0305_00-monitor-4-1-0-2-3,"On the desk with a bookshelf on the same wall, choose the monitor on the right.",True,356,162,scene0305_00,monitor,1,"['on', 'the', 'desk', 'with', 'a', 'bookshelf', 'on', 'the', 'same', 'wall', 'choose', 'the', 'monitor', 'on', 'the', 'right']",nr3d,True,True,True,False,False,True
scene0385_00-pillow-2-16-15,"If you were sitting on the couch, this pillow would be on your right.",True,203,30,scene0385_00,pillow,16,"['if', 'you', 'were', 'sitting', 'on', 'the', 'couch', 'this', 'pillow', 'would', 'be', 'on', 'your', 'right']",nr3d,True,True,True,False,False,True
scene0265_00-towel-6-30-8-9-17-18-28,closest Towel to the left of the toilet,True,224,263,scene0265_00,towel,30,"['closest', 'towel', 'to', 'the', 'left', 'of', 'the', 'toilet']",nr3d,True,True,True,False,False,True
scene0124_00-door-2-1-2,"A door to the right of the toilet, when one's back is to the toilet.",True,519,108,scene0124_00,door,1,"['a', 'door', 'to', 'the', 'right', 'of', 'the', 'toilet', 'when', 'one', ""'s"", 'back', 'is', 'to', 'the', 'toilet']",nr3d,True,True,True,False,False,True
scene0000_00-nightstand-2-49-50,night stand to the right of the bed,True,94,617,scene0000_00,nightstand,49,"['night', 'stand', 'to', 'the', 'right', 'of', 'the', 'bed']",nr3d,True,True,True,False,False,True
scene0468_00-trash_can-2-25-24,the object is the trash can on the right,True,127,440,scene0468_00,trash can,25,"['the', 'object', 'is', 'the', 'trash', 'can', 'on', 'the', 'right']",nr3d,True,True,True,False,False,True
scene0392_00-door-2-29-25,When facing the stove it is the door on the left.,True,85,555,scene0392_00,door,29,"['when', 'facing', 'the', 'stove', 'it', 'is', 'the', 'door', 'on', 'the', 'left']",nr3d,True,True,True,False,False,True
scene0262_00-whiteboard-2-6-5,It's the whiteboard on the right side wall if you face the windows.,True,339,230,scene0262_00,whiteboard,6,"['it', 'is', 'the', 'whiteboard', 'on', 'the', 'right', 'side', 'wall', 'if', 'you', 'face', 'the', 'windows']",nr3d,True,True,True,False,False,True
scene0026_00-toilet-3-10-9-11,locate the exposed 4 rolls of toilet paper and the item is to the immediate left on the floor,True,565,596,scene0026_00,toilet,10,"['locate', 'the', 'exposed', 'four', 'rolls', 'of', 'toilet', 'paper', 'and', 'the', 'item', 'is', 'to', 'the', 'immediate', 'left', 'on', 'the', 'floor']",nr3d,True,True,True,False,False,True
scene0398_00-dresser-2-3-4,"When facing the window, this dresser is on the right.",True,353,645,scene0398_00,dresser,3,"['when', 'facing', 'the', 'window', 'this', 'dresser', 'is', 'on', 'the', 'right']",nr3d,True,True,True,False,False,True
scene0017_00-file_cabinet-2-25-28,"The file cabinet on the left, when facing the windows.",True,322,501,scene0017_00,file cabinet,25,"['the', 'file', 'cabinet', 'on', 'the', 'left', 'when', 'facing', 'the', 'windows']",nr3d,True,True,True,False,False,True
scene0424_00-monitor-2-19-18,Select monitor on the right,True,307,514,scene0424_00,monitor,19,"['select', 'monitor', 'on', 'the', 'right']",nr3d,True,True,True,False,False,True
scene0673_00-box-6-5-0-1-2-19-75,"Facing the boxes, the box on the far right.",True,564,30,scene0673_00,box,5,"['facing', 'the', 'boxes', 'the', 'box', 'on', 'the', 'far', 'right']",nr3d,True,True,True,False,False,True
scene0369_00-books-6-25-1-2-24-26-27,"of the books on the counter, its the far right under the green colored painting",True,224,263,scene0369_00,books,25,"['of', 'the', 'books', 'on', 'the', 'counter', 'its', 'the', 'far', 'right', 'under', 'the', 'green', 'colored', 'painting']",nr3d,True,True,True,True,False,True
scene0398_00-desk-2-1-2,The desk to the right of the window,True,596,564,scene0398_00,desk,1,"['the', 'desk', 'to', 'the', 'right', 'of', 'the', 'window']",nr3d,True,True,True,False,False,True
scene0166_00-bag-5-38-16-36-37-39,"Facing wall with bags on it, it's on the upper left.",True,353,613,scene0166_00,bag,38,"['facing', 'wall', 'with', 'bags', 'on', 'it', 'it', 'is', 'on', 'the', 'upper', 'left']",nr3d,True,True,True,False,False,True
scene0229_00-lamp-2-12-11,Facing the desk it's the lamp on the floor with the white lampshade on your left,True,437,132,scene0229_00,lamp,12,"['facing', 'the', 'desk', 'it', 'is', 'the', 'lamp', 'on', 'the', 'floor', 'with', 'the', 'white', 'lampshade', 'on', 'your', 'left']",nr3d,True,True,True,True,False,True
scene0079_00-chair-5-12-13-14-15-16,the chair is fourth from the left when viewing them all,True,127,592,scene0079_00,chair,12,"['the', 'chair', 'is', 'fourth', 'from', 'the', 'left', 'when', 'viewing', 'them', 'all']",nr3d,True,True,True,False,False,True
scene0285_00-office_chair-3-15-13-14,Choose the chair to the left of the end chair.,True,469,645,scene0285_00,office chair,15,"['choose', 'the', 'chair', 'to', 'the', 'left', 'of', 'the', 'end', 'chair']",nr3d,True,True,True,False,False,True
scene0096_00-picture-3-8-7-9,look at the picture right above the seat in the corner.,True,491,714,scene0096_00,picture,8,"['look', 'at', 'the', 'picture', 'right', 'above', 'the', 'seat', 'in', 'the', 'corner']",nr3d,True,True,True,False,False,True
scene0009_00-bathroom_stall_door-2-28-30,"standing at the sinks, you want to go to the left bathroom stall door near the entrance of the bathroom",False,67,675,scene0009_00,bathroom stall door,28,"['standing', 'at', 'the', 'sinks', 'you', 'want', 'to', 'go', 'to', 'the', 'left', 'bathroom', 'stall', 'door', 'near', 'the', 'entrance', 'of', 'the', 'bathroom']",nr3d,True,True,True,False,False,True
scene0581_00-plant-2-34-35,"when looking at the foot of the bathtub, it is the plant on the right-hand side",True,570,534,scene0581_00,plant,34,"['when', 'looking', 'at', 'the', 'foot', 'of', 'the', 'bathtub', 'it', 'is', 'the', 'plant', 'on', 'the', 'right', 'hand', 'side']",nr3d,True,True,True,False,False,True
scene0448_00-cup-2-17-15,"facing the sink, left cup",True,534,132,scene0448_00,cup,17,"['facing', 'the', 'sink', 'left', 'cup']",nr3d,True,True,True,False,False,True
scene0387_00-table-4-13-11-12-14,"If you stood on the white square table looking towards the big, brown, round table, the one you want is on the left.",True,56,132,scene0387_00,table,13,"['if', 'you', 'stood', 'on', 'the', 'white', 'square', 'table', 'looking', 'towards', 'the', 'big', 'brown', 'round', 'table', 'the', 'one', 'you', 'want', 'is', 'on', 'the', 'left']",nr3d,True,True,True,True,True,True
scene0416_00-towel-2-26-27,"the towel is located at the foot of the bed on the right side, bed closest to wall",False,694,661,scene0416_00,towel,26,"['the', 'towel', 'is', 'located', 'at', 'the', 'foot', 'of', 'the', 'bed', 'on', 'the', 'right', 'side', 'bed', 'closest', 'to', 'wall']",nr3d,True,True,True,False,False,True
scene0603_00-window-5-36-33-34-35-37,click the window to the left of the computer monitor,True,307,132,scene0603_00,window,36,"['click', 'the', 'window', 'to', 'the', 'left', 'of', 'the', 'computer', 'monitor']",nr3d,True,True,True,False,False,True
scene0119_00-towel-2-14-15,"if looking from the toilet, the towel on the left.",True,94,132,scene0119_00,towel,14,"['if', 'looking', 'from', 'the', 'toilet', 'the', 'towel', 'on', 'the', 'left']",nr3d,True,True,True,False,False,True
scene0070_00-curtain-2-15-14,The long curtain on the left,False,717,459,scene0070_00,curtain,15,"['the', 'long', 'curtain', 'on', 'the', 'left']",nr3d,True,True,True,False,True,True
scene0492_00-sink-3-15-9-17,"When facing the set of three sinks, it is the sink on the far right.",True,667,132,scene0492_00,sink,15,"['when', 'facing', 'the', 'set', 'of', 'three', 'sinks', 'it', 'is', 'the', 'sink', 'on', 'the', 'far', 'right']",nr3d,True,True,True,False,False,True
scene0189_00-office_chair-6-21-16-17-18-19-20,"Facing all 6 them, it's the left chair in the group of 2 chairs.",True,353,474,scene0189_00,office chair,21,"['facing', 'all', 'six', 'them', 'it', 'is', 'the', 'left', 'chair', 'in', 'the', 'group', 'of', 'two', 'chairs']",nr3d,True,True,True,False,False,True
scene0679_00-nightstand-2-14-15,nightstand to the left of the bed in the corner.,True,94,132,scene0679_00,nightstand,14,"['nightstand', 'to', 'the', 'left', 'of', 'the', 'bed', 'in', 'the', 'corner']",nr3d,True,True,True,False,False,True
scene0098_00-trash_can-2-0-41,The white trash can to the right of the blue trash can.,True,324,187,scene0098_00,trash can,0,"['the', 'white', 'trash', 'can', 'to', 'the', 'right', 'of', 'the', 'blue', 'trash', 'can']",nr3d,True,True,True,True,False,True
scene0279_00-lamp-4-25-19-21-22,The tall lamp in the left corner that is turned on.,False,469,401,scene0279_00,lamp,25,"['the', 'tall', 'lamp', 'in', 'the', 'left', 'corner', 'that', 'is', 'turned', 'on']",nr3d,True,True,True,False,True,True
scene0167_00-lamp-2-15-10,"from the middle of the room, the lamp to the right of the large couch",True,459,706,scene0167_00,lamp,15,"['from', 'the', 'middle', 'of', 'the', 'room', 'the', 'lamp', 'to', 'the', 'right', 'of', 'the', 'large', 'couch']",nr3d,True,True,True,False,True,True
scene0262_00-plant-5-1-19-20-21-25,Tall big-leafed plant just to the right of door.,True,579,650,scene0262_00,plant,1,"['tall', 'big', 'leafed', 'plant', 'just', 'to', 'the', 'right', 'of', 'door']",nr3d,True,True,True,False,True,True
scene0128_00-pillow-6-11-6-7-8-9-10,"Facing the long couch, the larger upright pillow on the far right side.",True,646,220,scene0128_00,pillow,11,"['facing', 'the', 'long', 'couch', 'the', 'larger', 'upright', 'pillow', 'on', 'the', 'far', 'right', 'side']",nr3d,True,True,True,False,True,True
scene0448_00-bottle-5-27-26-28-29-30,"If you are looking at the window, it is the furthest right of the four white bottles.",True,56,714,scene0448_00,bottle,27,"['if', 'you', 'are', 'looking', 'at', 'the', 'window', 'it', 'is', 'the', 'farthest', 'right', 'of', 'the', 'four', 'white', 'bottles']",nr3d,True,True,True,True,False,True
scene0010_00-file_cabinet-3-55-10-54,if you are facing the whiteboard it is the file cabinet that's on the floor to the left,True,327,534,scene0010_00,file cabinet,55,"['if', 'you', 'are', 'facing', 'the', 'whiteboard', 'it', 'is', 'the', 'file', 'cabinet', 'that', 'is', 'on', 'the', 'floor', 'to', 'the', 'left']",nr3d,True,True,True,False,False,True
scene0012_00-box-2-26-30,If your sitting in the chair looking at the projector screen its the box on the right.,True,596,629,scene0012_00,box,26,"['if', 'your', 'sitting', 'in', 'the', 'chair', 'looking', 'at', 'the', 'projector', 'screen', 'its', 'the', 'box', 'on', 'the', 'right']",nr3d,True,True,True,False,False,True
scene0117_00-recycling_bin-4-18-19-20-21,"in a group of three recycling bins, this is the bin on the left",True,464,705,scene0117_00,recycling bin,18,"['in', 'a', 'group', 'of', 'three', 'recycling', 'bins', 'this', 'is', 'the', 'bin', 'on', 'the', 'left']",nr3d,True,True,True,False,False,True
scene0236_00-pillow-4-15-12-13-14,"Lower [bottom/behind] pillow on left, when facing foot of bed.",True,353,45,scene0236_00,pillow,15,"['lower', '[', 'bottom', 'behind', ']', 'pillow', 'on', 'left', 'when', 'facing', 'foot', 'of', 'bed']",nr3d,True,True,True,False,False,True
